INSERT INTO THEATER("ID", "CAPACITY") VALUES (1, 50)
INSERT INTO THEATER("ID", "CAPACITY") VALUES (2, 70)
INSERT INTO THEATER("ID", "CAPACITY") VALUES (3, 70)
INSERT INTO THEATER("ID", "CAPACITY") VALUES (4, 60)
INSERT INTO THEATER("ID", "CAPACITY") VALUES (5, 120)
INSERT INTO THEATER("ID", "CAPACITY") VALUES (6, 100)
INSERT INTO THEATER("ID", "CAPACITY") VALUES (7, 80)
INSERT INTO MOVIE("ID", "NAME", "ACTORS", "POSTER", "RATING", "LINK") VALUES (1, 'The Matrix', 'Keanu Reeves, Laurence Fishburne, Carrie-Ann Moss', 'the_matrix.jpg', '8.7','http://www.imdb.com/title/tt0133093/')
INSERT INTO MOVIE("ID", "NAME", "ACTORS", "POSTER", "RATING", "LINK") VALUES (2, 'The Lord of The Rings', 'Elijah Wood, Ian Mckellen, Viggo Mortensen', 'the_lord_of_the_rings.jpg', '8.8', 'http://www.imdb.com/title/tt0120737/')
INSERT INTO MOVIE("ID", "NAME", "ACTORS", "POSTER", "RATING", "LINK") VALUES (3, 'Inception', 'Leonardo DiCaprio', 'inception.jpg', '8.8', 'http://www.imdb.com/title/tt1375666/')
INSERT INTO MOVIE("ID", "NAME", "ACTORS", "POSTER", "RATING", "LINK") VALUES (4, 'The Shining', 'Jack Nicholson, Shelley Duvall', 'the_shining.jpg', '8.4', 'http://www.imdb.com/title/tt0081505/')
INSERT INTO MOVIE("ID", "NAME", "ACTORS", "POSTER", "RATING", "LINK") VALUES (5, 'Mission Impossible', 'Tom Cruise, Jeremy Renner','mission_impossible.jpg', '7.1', 'http://www.imdb.com/title/tt0258463/')
INSERT INTO MOVIE("ID", "NAME", "ACTORS", "POSTER", "RATING", "LINK") VALUES (6, 'Terminator', 'Arnold Schwarzenegger, Linda Hamilton', 'terminator.jpg', '8.0', 'http://www.imdb.com/title/tt0088247/')
INSERT INTO MOVIE("ID", "NAME", "ACTORS", "POSTER", "RATING", "LINK") VALUES (7, 'Titanic', 'Leonardo DiCaprio, Kate Winslet', 'titanic.jpg', '7.7', 'http://www.imdb.com/title/tt0120338/')
INSERT INTO MOVIE("ID", "NAME", "ACTORS", "POSTER", "RATING", "LINK") VALUES (8, 'Iron Man', 'Robert Downey Jr, Gwyneth Paltrow, Terrence Howard', 'iron_man.jpg',  '7.9', 'http://www.imdb.com/title/tt0371746/')
INSERT INTO MOVIE("ID", "NAME", "ACTORS", "POSTER", "RATING", "LINK") VALUES (9, 'Inglorious Bastards', 'Brad Pitt, Diane Kruger', 'inglorious_basterds.jpg', '8.3', 'http://www.imdb.com/title/tt0361748/')
INSERT INTO MOVIE("ID", "NAME", "ACTORS", "POSTER", "RATING", "LINK") VALUES (10, 'Million Dollar Baby', 'Hillary Swank, Client Eastwood',  'million_dollar_baby.jpg', '8.1', 'http://www.imdb.com/title/tt0405159/')
INSERT INTO MOVIE("ID", "NAME", "ACTORS", "POSTER", "RATING", "LINK") VALUES (11, 'Kill Bill', 'Uma Thurman', 'kill_bill.jpg', '8.1', 'http://www.imdb.com/title/tt0266697/')
INSERT INTO MOVIE("ID", "NAME", "ACTORS", "POSTER", "RATING", "LINK") VALUES (12, 'The Hunger Games', 'Jennifer Lawrence', 'the_hunger_games.jpg', '7.2', 'http://www.imdb.com/title/tt1392170/')
INSERT INTO MOVIE("ID", "NAME", "ACTORS", "POSTER", "RATING", "LINK") VALUES (13, 'The Hangover', 'Bradley Cooper, Zach Galifianakis', 'the_hangover.jpg', '7.8', 'http://www.imdb.com/title/tt1119646/')
INSERT INTO MOVIE("ID", "NAME", "ACTORS", "POSTER", "RATING", "LINK") VALUES (14, 'Toy Story', 'Tom Hanks, Michael Keaton', 'toy_story.jpg', '7.3', 'http://www.imdb.com/title/tt0114709/')
INSERT INTO MOVIE("ID", "NAME", "ACTORS", "POSTER", "RATING", "LINK") VALUES (15, 'Harry Potter', 'Daniel Radcliffe, Emma Watson', 'harry_potter.jpg', '7.5', 'http://www.imdb.com/title/tt0241527/')
INSERT INTO MOVIE("ID", "NAME", "ACTORS", "POSTER", "RATING", "LINK") VALUES (16, 'Avatar', 'Sam Worthington, Sigourney Weaver', 'avatar.jpg', '7.8','http://www.imdb.com/title/tt0499549/')
INSERT INTO MOVIE("ID", "NAME", "ACTORS", "POSTER", "RATING", "LINK") VALUES (17, 'Slumdog Millionaire', 'Anil Kapoor, Dev Patel, Freida Pinto', 'slumdog_millionaire.jpg', '8.0', 'http://www.imdb.com/title/tt1010048/')
INSERT INTO MOVIE("ID", "NAME", "ACTORS", "POSTER", "RATING", "LINK") VALUES (18, 'The Curious Case of Benjamin Button', 'Brad Pitt, Cate Blanchett', 'the_curious_case_of_benjamin_button.jpg', '7.8', 'http://www.imdb.com/title/tt0421715/')
INSERT INTO MOVIE("ID", "NAME", "ACTORS", "POSTER", "RATING", "LINK") VALUES (19, 'The Bourne Ultimatum', 'Matt Damon, Julia Stiles', 'the_bourne_ultimatum.jpg', '8.1', 'http://www.imdb.com/title/tt0440963/')
INSERT INTO MOVIE("ID", "NAME", "ACTORS", "POSTER", "RATING", "LINK") VALUES (20, 'The Pink Panther', 'Steve Martin, Kevin Kline', 'the_pink_panther.jpg', '7.2', 'http://www.imdb.com/title/tt0057413/')
INSERT INTO TIMESLOT("ID", "START_TIME", "END_TIME") VALUES (1, '10:00', '11:45')
INSERT INTO TIMESLOT("ID", "START_TIME", "END_TIME") VALUES (2, '12:00', '01:45')
INSERT INTO TIMESLOT("ID", "START_TIME", "END_TIME") VALUES (3, '02:00', '03:45')
INSERT INTO TIMESLOT("ID", "START_TIME", "END_TIME") VALUES (4, '04:00', '05:45')
INSERT INTO TIMESLOT("ID", "START_TIME", "END_TIME") VALUES (5, '06:00', '07:45')
INSERT INTO SHOW_TIMING("ID", "DAY", "THEATER_ID", "MOVIE_ID", "TIMING_ID") VALUES (1, 1, 1, 1, 1)
INSERT INTO SHOW_TIMING("ID", "DAY", "THEATER_ID", "MOVIE_ID", "TIMING_ID") VALUES (2, 1, 1, 2, 2)
INSERT INTO SHOW_TIMING("ID", "DAY", "THEATER_ID", "MOVIE_ID", "TIMING_ID") VALUES (3, 1, 1, 3, 3)
INSERT INTO SHOW_TIMING("ID", "DAY", "THEATER_ID", "MOVIE_ID", "TIMING_ID") VALUES (4, 1, 1, 4, 4)
INSERT INTO SHOW_TIMING("ID", "DAY", "THEATER_ID", "MOVIE_ID", "TIMING_ID") VALUES (5, 1, 1, 5, 5)
INSERT INTO SHOW_TIMING("ID", "DAY", "THEATER_ID", "MOVIE_ID", "TIMING_ID") VALUES (6, 1, 2, 6, 1)
INSERT INTO SHOW_TIMING("ID", "DAY", "THEATER_ID", "MOVIE_ID", "TIMING_ID") VALUES (7, 1, 2, 7, 2)
INSERT INTO SHOW_TIMING("ID", "DAY", "THEATER_ID", "MOVIE_ID", "TIMING_ID") VALUES (8, 1, 2, 8, 3)
INSERT INTO SHOW_TIMING("ID", "DAY", "THEATER_ID", "MOVIE_ID", "TIMING_ID") VALUES (9, 1, 2, 9, 4)
INSERT INTO SHOW_TIMING("ID", "DAY", "THEATER_ID", "MOVIE_ID", "TIMING_ID") VALUES (10, 1, 2, 10, 5)
INSERT INTO SHOW_TIMING("ID", "DAY", "THEATER_ID", "MOVIE_ID", "TIMING_ID") VALUES (11, 1, 3, 11, 1)
INSERT INTO SHOW_TIMING("ID", "DAY", "THEATER_ID", "MOVIE_ID", "TIMING_ID") VALUES (12, 1, 3, 12, 2)
INSERT INTO SHOW_TIMING("ID", "DAY", "THEATER_ID", "MOVIE_ID", "TIMING_ID") VALUES (13, 1, 3, 13, 3)
INSERT INTO SHOW_TIMING("ID", "DAY", "THEATER_ID", "MOVIE_ID", "TIMING_ID") VALUES (14, 1, 3, 14, 4)
INSERT INTO SHOW_TIMING("ID", "DAY", "THEATER_ID", "MOVIE_ID", "TIMING_ID") VALUES (15, 1, 3, 15, 5)
INSERT INTO SHOW_TIMING("ID", "DAY", "THEATER_ID", "MOVIE_ID", "TIMING_ID") VALUES (16, 1, 4, 16, 1)
INSERT INTO SHOW_TIMING("ID", "DAY", "THEATER_ID", "MOVIE_ID", "TIMING_ID") VALUES (17, 1, 4, 17, 2)
INSERT INTO SHOW_TIMING("ID", "DAY", "THEATER_ID", "MOVIE_ID", "TIMING_ID") VALUES (18, 1, 4, 18, 3)
INSERT INTO SHOW_TIMING("ID", "DAY", "THEATER_ID", "MOVIE_ID", "TIMING_ID") VALUES (19, 1, 4, 19, 4)
INSERT INTO SHOW_TIMING("ID", "DAY", "THEATER_ID", "MOVIE_ID", "TIMING_ID") VALUES (20, 1, 4, 20, 5)
INSERT INTO SHOW_TIMING("ID", "DAY", "THEATER_ID", "MOVIE_ID", "TIMING_ID") VALUES (21, 1, 5, 1, 1)
INSERT INTO SHOW_TIMING("ID", "DAY", "THEATER_ID", "MOVIE_ID", "TIMING_ID") VALUES (22, 1, 5, 2, 2)
INSERT INTO SHOW_TIMING("ID", "DAY", "THEATER_ID", "MOVIE_ID", "TIMING_ID") VALUES (23, 1, 5, 3, 3)
INSERT INTO SHOW_TIMING("ID", "DAY", "THEATER_ID", "MOVIE_ID", "TIMING_ID") VALUES (24, 1, 5, 4, 4)
INSERT INTO SHOW_TIMING("ID", "DAY", "THEATER_ID", "MOVIE_ID", "TIMING_ID") VALUES (25, 1, 5, 5, 5)
INSERT INTO SHOW_TIMING("ID", "DAY", "THEATER_ID", "MOVIE_ID", "TIMING_ID") VALUES (26, 1, 6, 6, 1)
INSERT INTO SHOW_TIMING("ID", "DAY", "THEATER_ID", "MOVIE_ID", "TIMING_ID") VALUES (27, 1, 6, 7, 2)
INSERT INTO SHOW_TIMING("ID", "DAY", "THEATER_ID", "MOVIE_ID", "TIMING_ID") VALUES (28, 1, 6, 8, 3)
INSERT INTO SHOW_TIMING("ID", "DAY", "THEATER_ID", "MOVIE_ID", "TIMING_ID") VALUES (29, 1, 6, 9, 4)
INSERT INTO SHOW_TIMING("ID", "DAY", "THEATER_ID", "MOVIE_ID", "TIMING_ID") VALUES (30, 1, 6, 10, 5)
INSERT INTO SHOW_TIMING("ID", "DAY", "THEATER_ID", "MOVIE_ID", "TIMING_ID") VALUES (31, 1, 7, 11, 1)
INSERT INTO SHOW_TIMING("ID", "DAY", "THEATER_ID", "MOVIE_ID", "TIMING_ID") VALUES (32, 1, 7, 12, 2)
INSERT INTO SHOW_TIMING("ID", "DAY", "THEATER_ID", "MOVIE_ID", "TIMING_ID") VALUES (33, 1, 7, 13, 3)
INSERT INTO SHOW_TIMING("ID", "DAY", "THEATER_ID", "MOVIE_ID", "TIMING_ID") VALUES (34, 1, 7, 14, 4)
INSERT INTO SHOW_TIMING("ID", "DAY", "THEATER_ID", "MOVIE_ID", "TIMING_ID") VALUES (35, 1, 7, 15, 5)
